,42-MG-BA,A172,AM-38,CCF-STTG1,LN-229,T98G,U-87-MG,YKG-1
"(0, 0)",1.0,1.0,1.0,1.0,1.0,1.0,1.0,1.0
"(0, 1)",1.0,1.0,1.0,1.0,1.0,1.0,1.0,1.0
"(0, 2)",1.0,1.0,1.0,1.0,1.0,1.0,1.0,1.0
"(0, 3)",1.0,1.0,1.0,1.0,1.0,1.0,1.0,1.0
"(0, 4)",1.0291060291060292,1.0291060291060292,1.0,1.0291060291060292,1.0,1.0291060291060292,1.0291060291060292,1.0291060291060292
"(0, 5)",1.7142857142857142,1.0384615384615385,1.0,1.7142857142857142,1.0,1.0384615384615385,1.7142857142857142,1.7142857142857142
"(0, 6)",1.0,1.0,1.0,1.0,1.0,1.0,1.0,1.0
"(0, 7)",1.0,1.0,1.0,1.0,1.0,1.0,1.0,1.0
"(0, 8)",1.0,1.0,1.0,1.0,1.0,1.0,1.0,1.0
"(0, 9)",1.0,1.0,1.0,1.0,1.0,1.0,1.0,1.0
"(0, 10)",0.10590858416945373,0.10590858416945373,1.0,0.10590858416945373,1.0,0.10590858416945373,0.10590858416945373,0.10590858416945373
"(0, 11)",1.0,1.0,1.0,1.0,1.0,1.0,1.0,1.0
"(0, 12)",1.0,1.0,1.0,1.0,1.0,1.0,1.0,1.0
"(0, 13)",1.0,1.0,0.5777777777777777,1.0,0.5777777777777777,1.0,1.0,1.0
"(0, 14)",1.0,1.0,1.0,1.0,1.0,1.0,1.0,1.0
"(0, 15)",1.0,1.0,1.0,1.0,1.0,1.0,1.0,1.0
"(0, 16)",1.0,1.0,1.0,1.0,1.0,1.0,1.0,1.0
"(0, 17)",0.10590858416945373,0.10590858416945373,1.0,0.10590858416945373,1.0,0.10590858416945373,0.10590858416945373,0.10590858416945373
"(0, 18)",1.0,1.0,1.0,1.0,1.0,1.0,1.0,1.0
"(0, 19)",1.0,1.0,1.0,1.0,1.0,1.0,1.0,1.0
"(0, 20)",1.0,1.0,1.0,1.0,1.0,1.0,1.0,1.0
"(0, 21)",1.0,1.0,1.0,1.0,1.0,1.0,1.0,1.0
"(0, 22)",1.0,1.0,1.0,1.0,1.0,1.0,1.0,1.0
"(0, 23)",1.0,1.0,1.0,1.0,1.0,1.0,1.0,1.0
"(0, 24)",1.0,1.0,1.0,1.0,1.0,1.0,1.0,1.0
"(0, 25)",1.0,1.0,1.0,1.0,1.0,1.0,1.0,1.0
"(0, 26)",1.0,1.0,1.0,1.0,1.0,1.0,1.0,1.0
"(0, 27)",1.0,1.0,1.0,1.0,1.0,1.0,1.0,1.0
"(0, 28)",1.0,1.0,1.0,1.0,1.0,1.0,1.0,1.0
"(0, 29)",1.0,1.0,1.0,1.0,1.0,1.0,1.0,1.0
"(0, 30)",1.0,1.0,1.0,1.0,1.0,1.0,1.0,1.0
"(0, 31)",1.0,1.0,1.0,1.0,1.0,1.0,1.0,1.0
"(0, 32)",1.0,1.0,1.0,1.0,1.0,1.0,1.0,1.0
"(0, 33)",1.0,1.0,1.0,1.0,1.0,1.0,1.0,1.0
"(0, 34)",1.416083916083916,1.7307692307692308,1.0,1.416083916083916,1.0,1.7307692307692308,1.416083916083916,1.416083916083916
"(0, 35)",1.0,1.0,1.0,1.0,1.0,1.0,1.0,1.0
"(0, 36)",1.0,1.0,1.0,1.0,1.0,1.0,1.0,1.0
"(1, 1)",1.0,1.0,1.0,1.0,1.0,1.0,1.0,1.0
"(1, 2)",1.0,1.0,1.0,1.0,1.0,1.0,1.0,1.0
"(1, 3)",1.0,1.0,1.0,1.0,1.0,1.0,1.0,1.0
"(1, 4)",1.0291060291060292,1.0291060291060292,1.0,1.0291060291060292,1.0,1.0291060291060292,1.0291060291060292,1.0291060291060292
"(1, 5)",1.7142857142857142,1.0384615384615385,1.0,1.7142857142857142,1.0,1.0384615384615385,1.7307692307692308,1.7142857142857142
"(1, 6)",1.0,1.0,1.0,1.0,1.0,1.0,1.0,1.0
"(1, 7)",1.0,1.0,1.0,1.0,1.0,1.0,1.0,1.0
"(1, 8)",1.0,1.0,1.0,1.0,1.0,1.0,1.0,1.0
"(1, 9)",1.0,1.0,1.0,1.0,1.0,1.0,1.0,1.0
"(1, 10)",0.10590858416945373,0.10590858416945373,1.0,0.10590858416945373,1.0,0.10590858416945373,0.10590858416945373,0.10590858416945373
"(1, 11)",1.0,1.0,1.0,1.0,1.0,1.0,1.0,1.0
"(1, 12)",1.0,1.0,1.0,1.0,1.0,1.0,1.0,1.0
"(1, 13)",1.0,1.0,0.5777777777777777,1.0,0.5777777777777777,1.0,1.0,1.0
"(1, 14)",1.0,1.0,1.0,1.0,1.0,1.0,1.0,1.0
"(1, 15)",1.0,1.0,1.0,1.0,1.0,1.0,1.0,1.0
"(1, 16)",1.0,1.0,1.0,1.0,1.0,1.0,1.0,1.0
"(1, 17)",0.10590858416945373,0.10590858416945373,1.0,0.10590858416945373,1.0,0.10590858416945373,0.10590858416945373,0.10590858416945373
"(1, 18)",1.0,1.0,1.0,1.0,1.0,1.0,1.0,1.0
"(1, 19)",1.0,1.0,1.0,1.0,1.0,1.0,1.0,1.0
"(1, 20)",1.0,1.0,1.0,1.0,1.0,1.0,1.0,1.0
"(1, 21)",1.0,1.0,1.0,1.0,1.0,1.0,1.0,1.0
"(1, 22)",1.0,1.0,1.0,1.0,1.0,1.0,1.0,1.0
"(1, 23)",1.0,1.0,1.0,1.0,1.0,1.0,1.0,1.0
"(1, 24)",1.0,1.0,1.0,1.0,1.0,1.0,1.0,1.0
"(1, 25)",1.0,1.0,1.0,1.0,1.0,1.0,1.0,1.0
"(1, 26)",1.0,1.0,1.0,1.0,1.0,1.0,1.0,1.0
"(1, 27)",1.0,1.0,1.0,1.0,1.0,1.0,1.0,1.0
"(1, 28)",1.0,1.0,1.0,1.0,1.0,1.0,1.0,1.0
"(1, 29)",1.0,1.0,1.0,1.0,1.0,1.0,1.0,1.0
"(1, 30)",1.0,1.0,1.0,1.0,1.0,1.0,1.0,1.0
"(1, 31)",1.0,1.0,1.0,1.0,1.0,1.0,1.0,1.0
"(1, 32)",1.0,1.0,1.0,1.0,1.0,1.0,1.0,1.0
"(1, 33)",1.0,1.0,1.0,1.0,1.0,1.0,1.0,1.0
"(1, 34)",1.416083916083916,1.7307692307692308,1.0,1.416083916083916,1.0,1.7307692307692308,1.416083916083916,1.416083916083916
"(1, 35)",1.0,1.0,1.0,1.0,1.0,1.0,1.0,1.0
"(1, 36)",1.0,1.0,1.0,1.0,1.0,1.0,1.0,1.0
"(2, 2)",1.0,1.0,1.0,1.0,1.0,1.0,1.0,1.0
"(2, 3)",1.0,1.0,1.0,1.0,1.0,1.0,1.0,1.0
"(2, 4)",1.0291060291060292,1.0291060291060292,1.0,1.0291060291060292,1.0,1.0291060291060292,1.0291060291060292,1.0291060291060292
"(2, 5)",1.7142857142857142,1.0384615384615385,1.0,1.7142857142857142,1.0,1.0384615384615385,1.7142857142857142,1.7142857142857142
"(2, 6)",1.0,1.0,1.0,1.0,1.0,1.0,1.0,1.0
"(2, 7)",1.0,1.0,1.0,1.0,1.0,1.0,1.0,1.0
"(2, 8)",1.0,1.0,1.0,1.0,1.0,1.0,1.0,1.0
"(2, 9)",1.0,1.0,1.0,1.0,1.0,1.0,1.0,1.0
"(2, 10)",0.10590858416945373,0.10590858416945373,1.0,0.10590858416945373,1.0,0.10590858416945373,0.10590858416945373,0.10590858416945373
"(2, 11)",1.0,1.0,1.0,1.0,1.0,1.0,1.0,1.0
"(2, 12)",1.0,1.0,1.0,1.0,1.0,1.0,1.0,1.0
"(2, 13)",1.0,1.0,0.5777777777777777,1.0,0.5777777777777777,1.0,1.0,1.0
"(2, 14)",1.0,1.0,1.0,1.0,1.0,1.0,1.0,1.0
"(2, 15)",1.0,1.0,1.0,1.0,1.0,1.0,1.0,1.0
"(2, 16)",1.0,1.0,1.0,1.0,1.0,1.0,1.0,1.0
"(2, 17)",0.10590858416945373,0.10590858416945373,1.0,0.10590858416945373,1.0,0.10590858416945373,0.10590858416945373,0.10590858416945373
"(2, 18)",1.0,1.0,1.0,1.0,1.0,1.0,1.0,1.0
"(2, 19)",1.0,1.0,1.0,1.0,1.0,1.0,1.0,1.0
"(2, 20)",1.0,1.0,1.0,1.0,1.0,1.0,1.0,1.0
"(2, 21)",1.0,1.0,1.0,1.0,1.0,1.0,1.0,1.0
"(2, 22)",1.0,1.0,1.0,1.0,1.0,1.0,1.0,1.0
"(2, 23)",1.0,1.0,1.0,1.0,1.0,1.0,1.0,1.0
"(2, 24)",1.0,1.0,1.0,1.0,1.0,1.0,1.0,1.0
"(2, 25)",1.0,1.0,1.0,1.0,1.0,1.0,1.0,1.0
"(2, 26)",1.0,1.0,1.0,1.0,1.0,1.0,1.0,1.0
"(2, 27)",1.0,1.0,1.0,1.0,1.0,1.0,1.0,1.0
"(2, 28)",1.0,1.0,1.0,1.0,1.0,1.0,1.0,1.0
"(2, 29)",1.0,1.0,1.0,1.0,1.0,1.0,1.0,1.0
"(2, 30)",1.0,1.0,1.0,1.0,1.0,1.0,1.0,1.0
"(2, 31)",1.0,1.0,1.0,1.0,1.0,1.0,1.0,1.0
"(2, 32)",1.0,1.0,1.0,1.0,1.0,1.0,1.0,1.0
"(2, 33)",1.0,1.0,1.0,1.0,1.0,1.0,1.0,1.0
"(2, 34)",1.416083916083916,1.7307692307692308,1.0,1.416083916083916,1.0,1.7307692307692308,1.416083916083916,1.416083916083916
"(2, 35)",1.0,1.0,1.0,1.0,1.0,1.0,1.0,1.0
"(2, 36)",1.0,1.0,1.0,1.0,1.0,1.0,1.0,1.0
"(3, 3)",1.0,1.0,1.0,1.0,1.0,1.0,1.0,1.0
"(3, 4)",1.0291060291060292,1.0291060291060292,1.0,1.0291060291060292,1.0,1.0291060291060292,1.0291060291060292,1.0291060291060292
"(3, 5)",1.7142857142857142,1.0384615384615385,1.0,1.7142857142857142,1.0,1.0384615384615385,1.7142857142857142,1.7142857142857142
"(3, 6)",1.0,1.0,1.0,1.0,1.0,1.0,1.0,1.0
"(3, 7)",1.0,1.0,1.0,1.0,1.0,1.0,1.0,1.0
"(3, 8)",1.0,1.0,1.0,1.0,1.0,1.0,1.0,1.0
"(3, 9)",1.0,1.0,1.0,1.0,1.0,1.0,1.0,1.0
"(3, 10)",0.10590858416945373,0.10590858416945373,1.0,0.10590858416945373,1.0,0.10590858416945373,0.10590858416945373,0.10590858416945373
"(3, 11)",1.0,1.0,1.0,1.0,1.0,1.0,1.0,1.0
"(3, 12)",1.0,1.0,1.0,1.0,1.0,1.0,1.0,1.0
"(3, 13)",1.0,1.0,0.5777777777777777,1.0,0.5777777777777777,1.0,1.0,1.0
"(3, 14)",1.0,1.0,1.0,1.0,1.0,1.0,1.0,1.0
"(3, 15)",1.0,1.0,1.0,1.0,1.0,1.0,1.0,1.0
"(3, 16)",1.0,1.0,1.0,1.0,1.0,1.0,1.0,1.0
"(3, 17)",0.10590858416945373,0.10590858416945373,1.0,0.10590858416945373,1.0,0.10590858416945373,0.10590858416945373,0.10590858416945373
"(3, 18)",1.0,1.0,1.0,1.0,1.0,1.0,1.0,1.0
"(3, 19)",1.0,1.0,1.0,1.0,1.0,1.0,1.0,1.0
"(3, 20)",1.0,1.0,1.0,1.0,1.0,1.0,1.0,1.0
"(3, 21)",1.0,1.0,1.0,1.0,1.0,1.0,1.0,1.0
"(3, 22)",1.0,1.0,1.0,1.0,1.0,1.0,1.0,1.0
"(3, 23)",1.0,1.0,1.0,1.0,1.0,1.0,1.0,1.0
"(3, 24)",1.0,1.0,1.0,1.0,1.0,1.0,1.0,1.0
"(3, 25)",1.0,1.0,1.0,1.0,1.0,1.0,1.0,1.0
"(3, 26)",1.0,1.0,1.0,1.0,1.0,1.0,1.0,1.0
"(3, 27)",1.0,1.0,1.0,1.0,1.0,1.0,1.0,1.0
"(3, 28)",1.0,1.0,1.0,1.0,1.0,1.0,1.0,1.0
"(3, 29)",1.0,1.0,1.0,1.0,1.0,1.0,1.0,1.0
"(3, 30)",1.0,1.0,1.0,1.0,1.0,1.0,1.0,1.0
"(3, 31)",1.0,1.0,1.0,1.0,1.0,1.0,1.0,1.0
"(3, 32)",1.0,1.0,1.0,1.0,1.0,1.0,1.0,1.0
"(3, 33)",1.0,1.0,1.0,1.0,1.0,1.0,1.0,1.0
"(3, 34)",1.416083916083916,1.7307692307692308,1.0,1.416083916083916,1.0,1.7307692307692308,1.416083916083916,1.416083916083916
"(3, 35)",1.0,1.0,1.0,1.0,1.0,1.0,1.0,1.0
"(3, 36)",1.0,1.0,1.0,1.0,1.0,1.0,1.0,1.0
"(4, 4)",1.0291060291060292,1.0291060291060292,1.0,1.0291060291060292,1.0,1.0291060291060292,1.0291060291060292,1.0291060291060292
"(4, 5)",1.087912087912088,1.0384615384615385,1.0,1.087912087912088,1.0,1.0384615384615385,1.087912087912088,1.087912087912088
"(4, 6)",1.0291060291060292,1.0291060291060292,1.0,1.0291060291060292,1.0,1.0291060291060292,1.0291060291060292,1.0291060291060292
"(4, 7)",1.0291060291060292,1.0291060291060292,1.0,1.0291060291060292,1.0,1.0291060291060292,1.0291060291060292,1.0291060291060292
"(4, 8)",1.0291060291060292,1.0291060291060292,1.0,1.0291060291060292,1.0,1.0291060291060292,1.0291060291060292,1.0291060291060292
"(4, 9)",1.0291060291060292,1.0291060291060292,1.0,1.0291060291060292,1.0,1.0291060291060292,1.0291060291060292,1.0291060291060292
"(4, 10)",0.12333272428284306,0.12333272428284306,1.0,0.12333272428284306,1.0,0.12333272428284306,0.12333272428284306,0.12333272428284306
"(4, 11)",1.0291060291060292,1.0291060291060292,1.0,1.0291060291060292,1.0,1.0291060291060292,1.0291060291060292,1.0291060291060292
"(4, 12)",1.0291060291060292,1.0291060291060292,1.0,1.0291060291060292,1.0,1.0291060291060292,1.0291060291060292,1.0291060291060292
"(4, 13)",1.0291060291060292,1.0291060291060292,0.5945945945945946,1.0291060291060292,0.5945945945945946,1.0291060291060292,1.0291060291060292,1.0291060291060292
"(4, 14)",1.0291060291060292,1.0291060291060292,1.0,1.0291060291060292,1.0,1.0291060291060292,1.0291060291060292,1.0291060291060292
"(4, 15)",1.0291060291060292,1.0291060291060292,1.0,1.0291060291060292,1.0,1.0291060291060292,1.0291060291060292,1.0291060291060292
"(4, 16)",1.0291060291060292,1.0291060291060292,1.0,1.0291060291060292,1.0,1.0291060291060292,1.0291060291060292,1.0291060291060292
"(4, 17)",0.12333272428284306,0.12333272428284306,1.0,0.12333272428284306,1.0,0.12333272428284306,0.12333272428284306,0.12333272428284306
"(4, 18)",1.0291060291060292,1.0291060291060292,1.0,1.0291060291060292,1.0,1.0291060291060292,1.0291060291060292,1.0291060291060292
"(4, 19)",1.0291060291060292,1.0291060291060292,1.0,1.0291060291060292,1.0,1.0291060291060292,1.0291060291060292,1.0291060291060292
"(4, 20)",1.0291060291060292,1.0291060291060292,1.0,1.0291060291060292,1.0,1.0291060291060292,1.0291060291060292,1.0291060291060292
"(4, 21)",1.0291060291060292,1.0291060291060292,1.0,1.0291060291060292,1.0,1.0291060291060292,1.0291060291060292,1.0291060291060292
"(4, 22)",1.0291060291060292,1.0291060291060292,1.0,1.0291060291060292,1.0,1.0291060291060292,1.0291060291060292,1.0291060291060292
"(4, 23)",1.0291060291060292,1.0291060291060292,1.0,1.0291060291060292,1.0,1.0291060291060292,1.0291060291060292,1.0291060291060292
"(4, 24)",1.0291060291060292,1.0291060291060292,1.0,1.0291060291060292,1.0,1.0291060291060292,1.0291060291060292,1.0291060291060292
"(4, 25)",1.0291060291060292,1.0291060291060292,1.0,1.0291060291060292,1.0,1.0291060291060292,1.0291060291060292,1.0291060291060292
"(4, 26)",1.0291060291060292,1.0291060291060292,1.0,1.0291060291060292,1.0,1.0291060291060292,1.0291060291060292,1.0291060291060292
"(4, 27)",1.0291060291060292,1.0291060291060292,1.0,1.0291060291060292,1.0,1.0291060291060292,1.0291060291060292,1.0291060291060292
"(4, 28)",1.0291060291060292,1.0291060291060292,1.0,1.0291060291060292,1.0,1.0291060291060292,1.0291060291060292,1.0291060291060292
"(4, 29)",1.0291060291060292,1.0291060291060292,1.0,1.0291060291060292,1.0,1.0291060291060292,1.0291060291060292,1.0291060291060292
"(4, 30)",1.0291060291060292,1.0291060291060292,1.0,1.0291060291060292,1.0,1.0291060291060292,1.0291060291060292,1.0291060291060292
"(4, 31)",1.0291060291060292,1.0291060291060292,1.0,1.0291060291060292,1.0,1.0291060291060292,1.0291060291060292,1.0291060291060292
"(4, 32)",1.0291060291060292,1.0291060291060292,1.0,1.0291060291060292,1.0,1.0291060291060292,1.0291060291060292,1.0291060291060292
"(4, 33)",1.0291060291060292,1.0291060291060292,1.0,1.0291060291060292,1.0,1.0291060291060292,1.0291060291060292,1.0291060291060292
"(4, 34)",1.5384615384615383,1.7307692307692308,1.0,1.5384615384615383,1.0,1.7307692307692308,1.5384615384615383,1.5384615384615383
"(4, 35)",1.0291060291060292,1.0291060291060292,1.0,1.0291060291060292,1.0,1.0291060291060292,1.0291060291060292,1.0291060291060292
"(4, 36)",1.0291060291060292,1.0291060291060292,1.0,1.0291060291060292,1.0,1.0291060291060292,1.0291060291060292,1.0291060291060292
"(5, 5)",1.7142857142857142,1.0384615384615385,1.0,1.7142857142857142,1.0,1.0384615384615385,1.7142857142857142,1.7142857142857142
"(5, 6)",1.7142857142857142,1.0384615384615385,1.0,1.7142857142857142,1.0,1.0384615384615385,1.7307692307692308,1.7142857142857142
"(5, 7)",1.7142857142857142,1.0384615384615385,1.0,1.7142857142857142,1.0,1.0384615384615385,1.7142857142857142,1.7142857142857142
"(5, 8)",1.7142857142857142,1.0384615384615385,1.0,1.7142857142857142,1.0,1.0384615384615385,1.7142857142857142,1.7142857142857142
"(5, 9)",1.7142857142857142,1.0384615384615385,1.0,1.7142857142857142,1.0,1.0384615384615385,1.7142857142857142,1.7142857142857142
"(5, 10)",2.5054945054945055,1.0384615384615385,1.0,2.5054945054945055,1.0,1.0384615384615385,2.5054945054945055,2.5054945054945055
"(5, 11)",1.7142857142857142,1.0384615384615385,1.0,1.7142857142857142,1.0,1.0384615384615385,1.7142857142857142,1.7142857142857142
"(5, 12)",1.7142857142857142,1.0384615384615385,1.0,1.7142857142857142,1.0,1.0384615384615385,1.7142857142857142,1.7142857142857142
"(5, 13)",1.0,1.0,0.5777777777777777,1.0,0.5777777777777777,1.0,1.0,1.0
"(5, 14)",1.7142857142857142,1.0384615384615385,1.0,1.7142857142857142,1.0,1.0384615384615385,1.7142857142857142,1.7142857142857142
"(5, 15)",1.7142857142857142,1.0384615384615385,1.0,1.7142857142857142,1.0,1.0384615384615385,1.7142857142857142,1.7142857142857142
"(5, 16)",1.7142857142857142,1.0384615384615385,1.0,1.7142857142857142,1.0,1.0384615384615385,1.7142857142857142,1.7142857142857142
"(5, 17)",2.5054945054945055,1.0384615384615385,1.0,2.5054945054945055,1.0,1.0384615384615385,2.5054945054945055,2.5054945054945055
"(5, 18)",1.7142857142857142,1.0384615384615385,1.0,1.7142857142857142,1.0,1.0384615384615385,1.7142857142857142,1.7142857142857142
"(5, 19)",1.7142857142857142,1.0384615384615385,1.0,1.7142857142857142,1.0,1.0384615384615385,1.7142857142857142,1.7142857142857142
"(5, 20)",1.7142857142857142,1.0384615384615385,1.0,1.7142857142857142,1.0,1.0384615384615385,1.7142857142857142,1.7142857142857142
"(5, 21)",1.7142857142857142,1.0384615384615385,1.0,1.7142857142857142,1.0,1.0384615384615385,1.7142857142857142,1.7142857142857142
"(5, 22)",1.7142857142857142,1.0384615384615385,1.0,1.7142857142857142,1.0,1.0384615384615385,1.7142857142857142,1.7142857142857142
"(5, 23)",1.7142857142857142,1.0384615384615385,1.0,1.7142857142857142,1.0,1.0384615384615385,1.7142857142857142,1.7142857142857142
"(5, 24)",1.7142857142857142,1.0384615384615385,1.0,1.7142857142857142,1.0,1.0384615384615385,1.7142857142857142,1.7142857142857142
"(5, 25)",1.7142857142857142,1.0384615384615385,1.0,1.7142857142857142,1.0,1.0384615384615385,1.7142857142857142,1.7142857142857142
"(5, 26)",1.7142857142857142,1.0384615384615385,1.0,1.7142857142857142,1.0,1.0384615384615385,1.7142857142857142,1.7142857142857142
"(5, 27)",1.7142857142857142,1.0384615384615385,1.0,1.7142857142857142,1.0,1.0384615384615385,1.7142857142857142,1.7142857142857142
"(5, 28)",1.7142857142857142,1.0384615384615385,1.0,1.7142857142857142,1.0,1.0384615384615385,1.7142857142857142,1.7142857142857142
"(5, 29)",1.7142857142857142,1.0384615384615385,1.0,1.7142857142857142,1.0,1.0384615384615385,1.7142857142857142,1.7142857142857142
"(5, 30)",1.7142857142857142,1.0384615384615385,1.0,1.7142857142857142,1.0,1.0384615384615385,1.7142857142857142,1.7142857142857142
"(5, 31)",1.7142857142857142,1.0384615384615385,1.0,1.7142857142857142,1.0,1.0384615384615385,1.7142857142857142,1.7142857142857142
"(5, 32)",0.8108108108108107,1.0291060291060292,1.0,0.8108108108108107,1.0,1.0291060291060292,0.8108108108108107,0.8108108108108107
"(5, 33)",1.7142857142857142,1.0384615384615385,1.0,1.7142857142857142,1.0,1.0384615384615385,1.7142857142857142,1.7142857142857142
"(5, 34)",1.0931174089068827,1.7307692307692308,1.0,1.0931174089068827,1.0,1.7307692307692308,1.7307692307692308,1.0931174089068827
"(5, 35)",1.7142857142857142,1.0384615384615385,1.0,1.7142857142857142,1.0,1.0384615384615385,1.7142857142857142,1.7142857142857142
"(5, 36)",1.7142857142857142,1.0384615384615385,1.0,1.7142857142857142,1.0,1.0384615384615385,1.7142857142857142,1.7142857142857142
"(6, 6)",1.0,1.0,1.0,1.0,1.0,1.0,1.0,1.0
"(6, 7)",1.0,1.0,1.0,1.0,1.0,1.0,1.0,1.0
"(6, 8)",1.0,1.0,1.0,1.0,1.0,1.0,1.0,1.0
"(6, 9)",1.0,1.0,1.0,1.0,1.0,1.0,1.0,1.0
"(6, 10)",0.10590858416945373,0.10590858416945373,1.0,0.10590858416945373,1.0,0.10590858416945373,0.10590858416945373,0.10590858416945373
"(6, 11)",1.0,1.0,1.0,1.0,1.0,1.0,1.0,1.0
"(6, 12)",1.0,1.0,1.0,1.0,1.0,1.0,1.0,1.0
"(6, 13)",1.0,1.0,0.5777777777777777,1.0,0.5777777777777777,1.0,1.0,1.0
"(6, 14)",1.0,1.0,1.0,1.0,1.0,1.0,1.0,1.0
"(6, 15)",1.0,1.0,1.0,1.0,1.0,1.0,1.0,1.0
"(6, 16)",1.0,1.0,1.0,1.0,1.0,1.0,1.0,1.0
"(6, 17)",0.10590858416945373,0.10590858416945373,1.0,0.10590858416945373,1.0,0.10590858416945373,0.10590858416945373,0.10590858416945373
"(6, 18)",1.0,1.0,1.0,1.0,1.0,1.0,1.0,1.0
"(6, 19)",1.0,1.0,1.0,1.0,1.0,1.0,1.0,1.0
"(6, 20)",1.0,1.0,1.0,1.0,1.0,1.0,1.0,1.0
"(6, 21)",1.0,1.0,1.0,1.0,1.0,1.0,1.0,1.0
"(6, 22)",1.0,1.0,1.0,1.0,1.0,1.0,1.0,1.0
"(6, 23)",1.0,1.0,1.0,1.0,1.0,1.0,1.0,1.0
"(6, 24)",1.0,1.0,1.0,1.0,1.0,1.0,1.0,1.0
"(6, 25)",1.0,1.0,1.0,1.0,1.0,1.0,1.0,1.0
"(6, 26)",1.0,1.0,1.0,1.0,1.0,1.0,1.0,1.0
"(6, 27)",1.0,1.0,1.0,1.0,1.0,1.0,1.0,1.0
"(6, 28)",1.0,1.0,1.0,1.0,1.0,1.0,1.0,1.0
"(6, 29)",1.0,1.0,1.0,1.0,1.0,1.0,1.0,1.0
"(6, 30)",1.0,1.0,1.0,1.0,1.0,1.0,1.0,1.0
"(6, 31)",1.0,1.0,1.0,1.0,1.0,1.0,1.0,1.0
"(6, 32)",1.0,1.0,1.0,1.0,1.0,1.0,1.0,1.0
"(6, 33)",1.0,1.0,1.0,1.0,1.0,1.0,1.0,1.0
"(6, 34)",1.416083916083916,1.7307692307692308,1.0,1.416083916083916,1.0,1.7307692307692308,1.416083916083916,1.416083916083916
"(6, 35)",1.0,1.0,1.0,1.0,1.0,1.0,1.0,1.0
"(6, 36)",1.0,1.0,1.0,1.0,1.0,1.0,1.0,1.0
"(7, 7)",1.0,1.0,1.0,1.0,1.0,1.0,1.0,1.0
"(7, 8)",1.0,1.0,1.0,1.0,1.0,1.0,1.0,1.0
"(7, 9)",1.0,1.0,1.0,1.0,1.0,1.0,1.0,1.0
"(7, 10)",0.10590858416945373,0.10590858416945373,1.0,0.10590858416945373,1.0,0.10590858416945373,0.10590858416945373,0.10590858416945373
"(7, 11)",1.0,1.0,1.0,1.0,1.0,1.0,1.0,1.0
"(7, 12)",1.0,1.0,1.0,1.0,1.0,1.0,1.0,1.0
"(7, 13)",1.0,1.0,0.5777777777777777,1.0,0.5777777777777777,1.0,1.0,1.0
"(7, 14)",1.0,1.0,1.0,1.0,1.0,1.0,1.0,1.0
"(7, 15)",1.0,1.0,1.0,1.0,1.0,1.0,1.0,1.0
"(7, 16)",1.0,1.0,1.0,1.0,1.0,1.0,1.0,1.0
"(7, 17)",0.10590858416945373,0.10590858416945373,1.0,0.10590858416945373,1.0,0.10590858416945373,0.10590858416945373,0.10590858416945373
"(7, 18)",1.0,1.0,1.0,1.0,1.0,1.0,1.0,1.0
"(7, 19)",1.0,1.0,1.0,1.0,1.0,1.0,1.0,1.0
"(7, 20)",1.0,1.0,1.0,1.0,1.0,1.0,1.0,1.0
"(7, 21)",1.0,1.0,1.0,1.0,1.0,1.0,1.0,1.0
"(7, 22)",1.0,1.0,1.0,1.0,1.0,1.0,1.0,1.0
"(7, 23)",1.0,1.0,1.0,1.0,1.0,1.0,1.0,1.0
"(7, 24)",1.0,1.0,1.0,1.0,1.0,1.0,1.0,1.0
"(7, 25)",1.0,1.0,1.0,1.0,1.0,1.0,1.0,1.0
"(7, 26)",1.0,1.0,1.0,1.0,1.0,1.0,1.0,1.0
"(7, 27)",1.0,1.0,1.0,1.0,1.0,1.0,1.0,1.0
"(7, 28)",1.0,1.0,1.0,1.0,1.0,1.0,1.0,1.0
"(7, 29)",1.0,1.0,1.0,1.0,1.0,1.0,1.0,1.0
"(7, 30)",1.0,1.0,1.0,1.0,1.0,1.0,1.0,1.0
"(7, 31)",1.0,1.0,1.0,1.0,1.0,1.0,1.0,1.0
"(7, 32)",1.0,1.0,1.0,1.0,1.0,1.0,1.0,1.0
"(7, 33)",1.0,1.0,1.0,1.0,1.0,1.0,1.0,1.0
"(7, 34)",1.416083916083916,1.7307692307692308,1.0,1.416083916083916,1.0,1.7307692307692308,1.416083916083916,1.416083916083916
"(7, 35)",1.0,1.0,1.0,1.0,1.0,1.0,1.0,1.0
"(7, 36)",1.0,1.0,1.0,1.0,1.0,1.0,1.0,1.0
"(8, 8)",1.0,1.0,1.0,1.0,1.0,1.0,1.0,1.0
"(8, 9)",1.0,1.0,1.0,1.0,1.0,1.0,1.0,1.0
"(8, 10)",0.10590858416945373,0.10590858416945373,1.0,0.10590858416945373,1.0,0.10590858416945373,0.10590858416945373,0.10590858416945373
"(8, 11)",1.0,1.0,1.0,1.0,1.0,1.0,1.0,1.0
"(8, 12)",1.0,1.0,1.0,1.0,1.0,1.0,1.0,1.0
"(8, 13)",1.0,1.0,0.5777777777777777,1.0,0.5777777777777777,1.0,1.0,1.0
"(8, 14)",1.0,1.0,1.0,1.0,1.0,1.0,1.0,1.0
"(8, 15)",1.0,1.0,1.0,1.0,1.0,1.0,1.0,1.0
"(8, 16)",1.0,1.0,1.0,1.0,1.0,1.0,1.0,1.0
"(8, 17)",0.10590858416945373,0.10590858416945373,1.0,0.10590858416945373,1.0,0.10590858416945373,0.10590858416945373,0.10590858416945373
"(8, 18)",1.0,1.0,1.0,1.0,1.0,1.0,1.0,1.0
"(8, 19)",1.0,1.0,1.0,1.0,1.0,1.0,1.0,1.0
"(8, 20)",1.0,1.0,1.0,1.0,1.0,1.0,1.0,1.0
"(8, 21)",1.0,1.0,1.0,1.0,1.0,1.0,1.0,1.0
"(8, 22)",1.0,1.0,1.0,1.0,1.0,1.0,1.0,1.0
"(8, 23)",1.0,1.0,1.0,1.0,1.0,1.0,1.0,1.0
"(8, 24)",1.0,1.0,1.0,1.0,1.0,1.0,1.0,1.0
"(8, 25)",1.0,1.0,1.0,1.0,1.0,1.0,1.0,1.0
"(8, 26)",1.0,1.0,1.0,1.0,1.0,1.0,1.0,1.0
"(8, 27)",1.0,1.0,1.0,1.0,1.0,1.0,1.0,1.0
"(8, 28)",1.0,1.0,1.0,1.0,1.0,1.0,1.0,1.0
"(8, 29)",1.0,1.0,1.0,1.0,1.0,1.0,1.0,1.0
"(8, 30)",1.0,1.0,1.0,1.0,1.0,1.0,1.0,1.0
"(8, 31)",1.0,1.0,1.0,1.0,1.0,1.0,1.0,1.0
"(8, 32)",1.0,1.0,1.0,1.0,1.0,1.0,1.0,1.0
"(8, 33)",1.0,1.0,1.0,1.0,1.0,1.0,1.0,1.0
"(8, 34)",1.416083916083916,1.7307692307692308,1.0,1.416083916083916,1.0,1.7307692307692308,1.416083916083916,1.416083916083916
"(8, 35)",1.0,1.0,1.0,1.0,1.0,1.0,1.0,1.0
"(8, 36)",1.0,1.0,1.0,1.0,1.0,1.0,1.0,1.0
"(9, 9)",1.0,1.0,1.0,1.0,1.0,1.0,1.0,1.0
"(9, 10)",0.10590858416945373,0.10590858416945373,1.0,0.10590858416945373,1.0,0.10590858416945373,0.10590858416945373,0.10590858416945373
"(9, 11)",1.0,1.0,1.0,1.0,1.0,1.0,1.0,1.0
"(9, 12)",1.0,1.0,1.0,1.0,1.0,1.0,1.0,1.0
"(9, 13)",1.0,1.0,0.5777777777777777,1.0,0.5777777777777777,1.0,1.0,1.0
"(9, 14)",1.0,1.0,1.0,1.0,1.0,1.0,1.0,1.0
"(9, 15)",1.0,1.0,1.0,1.0,1.0,1.0,1.0,1.0
"(9, 16)",1.0,1.0,1.0,1.0,1.0,1.0,1.0,1.0
"(9, 17)",0.10590858416945373,0.10590858416945373,1.0,0.10590858416945373,1.0,0.10590858416945373,0.10590858416945373,0.10590858416945373
"(9, 18)",1.0,1.0,1.0,1.0,1.0,1.0,1.0,1.0
"(9, 19)",1.0,1.0,1.0,1.0,1.0,1.0,1.0,1.0
"(9, 20)",1.0,1.0,1.0,1.0,1.0,1.0,1.0,1.0
"(9, 21)",1.0,1.0,1.0,1.0,1.0,1.0,1.0,1.0
"(9, 22)",1.0,1.0,1.0,1.0,1.0,1.0,1.0,1.0
"(9, 23)",1.0,1.0,1.0,1.0,1.0,1.0,1.0,1.0
"(9, 24)",1.0,1.0,1.0,1.0,1.0,1.0,1.0,1.0
"(9, 25)",1.0,1.0,1.0,1.0,1.0,1.0,1.0,1.0
"(9, 26)",1.0,1.0,1.0,1.0,1.0,1.0,1.0,1.0
"(9, 27)",1.0,1.0,1.0,1.0,1.0,1.0,1.0,1.0
"(9, 28)",1.0,1.0,1.0,1.0,1.0,1.0,1.0,1.0
"(9, 29)",1.0,1.0,1.0,1.0,1.0,1.0,1.0,1.0
"(9, 30)",1.0,1.0,1.0,1.0,1.0,1.0,1.0,1.0
"(9, 31)",1.0,1.0,1.0,1.0,1.0,1.0,1.0,1.0
"(9, 32)",1.0,1.0,1.0,1.0,1.0,1.0,1.0,1.0
"(9, 33)",1.0,1.0,1.0,1.0,1.0,1.0,1.0,1.0
"(9, 34)",1.416083916083916,1.7307692307692308,1.0,1.416083916083916,1.0,1.7307692307692308,1.416083916083916,1.416083916083916
"(9, 35)",1.0,1.0,1.0,1.0,1.0,1.0,1.0,1.0
"(9, 36)",1.0,1.0,1.0,1.0,1.0,1.0,1.0,1.0
"(10, 10)",0.10590858416945373,0.10590858416945373,1.0,0.10590858416945373,1.0,0.10590858416945373,0.10590858416945373,0.10590858416945373
"(10, 11)",0.10590858416945373,0.10590858416945373,1.0,0.10590858416945373,1.0,0.10590858416945373,0.10590858416945373,0.10590858416945373
"(10, 12)",0.10590858416945373,0.10590858416945373,1.0,0.10590858416945373,1.0,0.10590858416945373,0.10590858416945373,0.10590858416945373
"(10, 13)",0.10590858416945373,0.10590858416945373,0.06119162640901771,0.10590858416945373,0.06119162640901771,0.10590858416945373,0.10590858416945373,0.10590858416945373
"(10, 14)",0.10590858416945373,0.10590858416945373,1.0,0.10590858416945373,1.0,0.10590858416945373,0.10590858416945373,0.10590858416945373
"(10, 15)",0.10590858416945373,0.10590858416945373,1.0,0.10590858416945373,1.0,0.10590858416945373,0.10590858416945373,0.10590858416945373
"(10, 16)",0.10590858416945373,0.10590858416945373,1.0,0.10590858416945373,1.0,0.10590858416945373,0.10590858416945373,0.10590858416945373
"(10, 17)",0.10590858416945373,0.10590858416945373,1.0,0.10590858416945373,1.0,0.10590858416945373,0.10590858416945373,0.10590858416945373
"(10, 18)",0.10590858416945373,0.10590858416945373,1.0,0.10590858416945373,1.0,0.10590858416945373,0.10590858416945373,0.10590858416945373
"(10, 19)",0.10590858416945373,0.10590858416945373,1.0,0.10590858416945373,1.0,0.10590858416945373,0.10590858416945373,0.10590858416945373
"(10, 20)",0.10590858416945373,0.10590858416945373,1.0,0.10590858416945373,1.0,0.10590858416945373,0.10590858416945373,0.10590858416945373
"(10, 21)",0.10590858416945373,0.10590858416945373,1.0,0.10590858416945373,1.0,0.10590858416945373,0.10590858416945373,0.10590858416945373
"(10, 22)",0.10590858416945373,0.10590858416945373,1.0,0.10590858416945373,1.0,0.10590858416945373,0.10590858416945373,0.10590858416945373
"(10, 23)",0.10590858416945373,0.10590858416945373,1.0,0.10590858416945373,1.0,0.10590858416945373,0.10590858416945373,0.10590858416945373
"(10, 24)",0.10590858416945373,0.10590858416945373,1.0,0.10590858416945373,1.0,0.10590858416945373,0.10590858416945373,0.10590858416945373
"(10, 25)",0.10590858416945373,0.10590858416945373,1.0,0.10590858416945373,1.0,0.10590858416945373,0.10590858416945373,0.10590858416945373
"(10, 26)",0.10590858416945373,0.10590858416945373,1.0,0.10590858416945373,1.0,0.10590858416945373,0.10590858416945373,0.10590858416945373
"(10, 27)",0.10590858416945373,0.10590858416945373,1.0,0.10590858416945373,1.0,0.10590858416945373,0.10590858416945373,0.10590858416945373
"(10, 28)",0.10590858416945373,0.10590858416945373,1.0,0.10590858416945373,1.0,0.10590858416945373,0.10590858416945373,0.10590858416945373
"(10, 29)",0.10590858416945373,0.10590858416945373,1.0,0.10590858416945373,1.0,0.10590858416945373,0.10590858416945373,0.10590858416945373
"(10, 30)",0.10590858416945373,0.10590858416945373,1.0,0.10590858416945373,1.0,0.10590858416945373,0.10590858416945373,0.10590858416945373
"(10, 31)",0.10590858416945373,0.10590858416945373,1.0,0.10590858416945373,1.0,0.10590858416945373,0.10590858416945373,0.10590858416945373
"(10, 32)",0.10590858416945373,0.10590858416945373,1.0,0.10590858416945373,1.0,0.10590858416945373,0.10590858416945373,0.10590858416945373
"(10, 33)",0.10590858416945373,0.10590858416945373,1.0,0.10590858416945373,1.0,0.10590858416945373,0.10590858416945373,0.10590858416945373
"(10, 34)",0.1779295470884256,1.7307692307692308,1.0,0.1779295470884256,1.0,1.7307692307692308,0.1779295470884256,0.1779295470884256
"(10, 35)",0.10590858416945373,0.10590858416945373,1.0,0.10590858416945373,1.0,0.10590858416945373,0.10590858416945373,0.10590858416945373
"(10, 36)",0.10590858416945373,0.10590858416945373,1.0,0.10590858416945373,1.0,0.10590858416945373,0.10590858416945373,0.10590858416945373
"(11, 11)",1.0,1.0,1.0,1.0,1.0,1.0,1.0,1.0
"(11, 12)",1.0,1.0,1.0,1.0,1.0,1.0,1.0,1.0
"(11, 13)",1.0,1.0,0.5777777777777777,1.0,0.5777777777777777,1.0,1.0,1.0
"(11, 14)",1.0,1.0,1.0,1.0,1.0,1.0,1.0,1.0
"(11, 15)",1.0,1.0,1.0,1.0,1.0,1.0,1.0,1.0
"(11, 16)",1.0,1.0,1.0,1.0,1.0,1.0,1.0,1.0
"(11, 17)",0.10590858416945373,0.10590858416945373,1.0,0.10590858416945373,1.0,0.10590858416945373,0.10590858416945373,0.10590858416945373
"(11, 18)",1.0,1.0,1.0,1.0,1.0,1.0,1.0,1.0
"(11, 19)",1.0,1.0,1.0,1.0,1.0,1.0,1.0,1.0
"(11, 20)",1.0,1.0,1.0,1.0,1.0,1.0,1.0,1.0
"(11, 21)",1.0,1.0,1.0,1.0,1.0,1.0,1.0,1.0
"(11, 22)",1.0,1.0,1.0,1.0,1.0,1.0,1.0,1.0
"(11, 23)",1.0,1.0,1.0,1.0,1.0,1.0,1.0,1.0
"(11, 24)",1.0,1.0,1.0,1.0,1.0,1.0,1.0,1.0
"(11, 25)",1.0,1.0,1.0,1.0,1.0,1.0,1.0,1.0
"(11, 26)",1.0,1.0,1.0,1.0,1.0,1.0,1.0,1.0
"(11, 27)",1.0,1.0,1.0,1.0,1.0,1.0,1.0,1.0
"(11, 28)",1.0,1.0,1.0,1.0,1.0,1.0,1.0,1.0
"(11, 29)",1.0,1.0,1.0,1.0,1.0,1.0,1.0,1.0
"(11, 30)",1.0,1.0,1.0,1.0,1.0,1.0,1.0,1.0
"(11, 31)",1.0,1.0,1.0,1.0,1.0,1.0,1.0,1.0
"(11, 32)",1.0,1.0,1.0,1.0,1.0,1.0,1.0,1.0
"(11, 33)",1.0,1.0,1.0,1.0,1.0,1.0,1.0,1.0
"(11, 34)",1.416083916083916,1.7307692307692308,1.0,1.416083916083916,1.0,1.7307692307692308,1.416083916083916,1.416083916083916
"(11, 35)",1.0,1.0,1.0,1.0,1.0,1.0,1.0,1.0
"(11, 36)",1.0,1.0,1.0,1.0,1.0,1.0,1.0,1.0
"(12, 12)",1.0,1.0,1.0,1.0,1.0,1.0,1.0,1.0
"(12, 13)",1.0,1.0,0.5777777777777777,1.0,0.5777777777777777,1.0,1.0,1.0
"(12, 14)",1.0,1.0,1.0,1.0,1.0,1.0,1.0,1.0
"(12, 15)",1.0,1.0,1.0,1.0,1.0,1.0,1.0,1.0
"(12, 16)",1.0,1.0,1.0,1.0,1.0,1.0,1.0,1.0
"(12, 17)",0.10590858416945373,0.10590858416945373,1.0,0.10590858416945373,1.0,0.10590858416945373,0.10590858416945373,0.10590858416945373
"(12, 18)",1.0,1.0,1.0,1.0,1.0,1.0,1.0,1.0
"(12, 19)",1.0,1.0,1.0,1.0,1.0,1.0,1.0,1.0
"(12, 20)",1.0,1.0,1.0,1.0,1.0,1.0,1.0,1.0
"(12, 21)",1.0,1.0,1.0,1.0,1.0,1.0,1.0,1.0
"(12, 22)",1.0,1.0,1.0,1.0,1.0,1.0,1.0,1.0
"(12, 23)",1.0,1.0,1.0,1.0,1.0,1.0,1.0,1.0
"(12, 24)",1.0,1.0,1.0,1.0,1.0,1.0,1.0,1.0
"(12, 25)",1.0,1.0,1.0,1.0,1.0,1.0,1.0,1.0
"(12, 26)",1.0,1.0,1.0,1.0,1.0,1.0,1.0,1.0
"(12, 27)",1.0,1.0,1.0,1.0,1.0,1.0,1.0,1.0
"(12, 28)",1.0,1.0,1.0,1.0,1.0,1.0,1.0,1.0
"(12, 29)",1.0,1.0,1.0,1.0,1.0,1.0,1.0,1.0
"(12, 30)",1.0,1.0,1.0,1.0,1.0,1.0,1.0,1.0
"(12, 31)",1.0,1.0,1.0,1.0,1.0,1.0,1.0,1.0
"(12, 32)",1.0,1.0,1.0,1.0,1.0,1.0,1.0,1.0
"(12, 33)",1.0,1.0,1.0,1.0,1.0,1.0,1.0,1.0
"(12, 34)",1.416083916083916,1.7307692307692308,1.0,1.416083916083916,1.0,1.7307692307692308,1.416083916083916,1.416083916083916
"(12, 35)",1.0,1.0,1.0,1.0,1.0,1.0,1.0,1.0
"(12, 36)",1.0,1.0,1.0,1.0,1.0,1.0,1.0,1.0
"(13, 13)",1.0,1.0,0.5777777777777777,1.0,0.5777777777777777,1.0,1.0,1.0
"(13, 14)",1.0,1.0,0.5777777777777777,1.0,0.5777777777777777,1.0,1.0,1.0
"(13, 15)",1.0,1.0,0.5777777777777777,1.0,0.5777777777777777,1.0,1.0,1.0
"(13, 16)",1.0,1.0,0.5777777777777777,1.0,0.5777777777777777,1.0,1.0,1.0
"(13, 17)",0.10590858416945373,0.10590858416945373,0.06119162640901771,0.10590858416945373,0.06119162640901771,0.10590858416945373,0.10590858416945373,0.10590858416945373
"(13, 18)",1.0,1.0,0.5777777777777777,1.0,0.5777777777777777,1.0,1.0,1.0
"(13, 19)",1.0,1.0,0.5777777777777777,1.0,0.5777777777777777,1.0,1.0,1.0
"(13, 20)",1.0,1.0,0.5777777777777777,1.0,0.5777777777777777,1.0,1.0,1.0
"(13, 21)",1.0,1.0,0.5777777777777777,1.0,0.5777777777777777,1.0,1.0,1.0
"(13, 22)",1.0,1.0,0.5777777777777777,1.0,0.5777777777777777,1.0,1.0,1.0
"(13, 23)",1.0,1.0,0.5777777777777777,1.0,0.5777777777777777,1.0,1.0,1.0
"(13, 24)",1.0,1.0,0.5777777777777777,1.0,0.5777777777777777,1.0,1.0,1.0
"(13, 25)",1.0,1.0,0.5777777777777777,1.0,0.5777777777777777,1.0,1.0,1.0
"(13, 26)",1.0,1.0,0.5777777777777777,1.0,0.5777777777777777,1.0,1.0,1.0
"(13, 27)",1.0,1.0,0.5777777777777777,1.0,0.5777777777777777,1.0,1.0,1.0
"(13, 28)",1.0,1.0,0.5777777777777777,1.0,0.5777777777777777,1.0,1.0,1.0
"(13, 29)",1.0,1.0,0.5777777777777777,1.0,0.5777777777777777,1.0,1.0,1.0
"(13, 30)",1.0,1.0,0.5777777777777777,1.0,0.5777777777777777,1.0,1.0,1.0
"(13, 31)",1.0,1.0,0.5777777777777777,1.0,0.5777777777777777,1.0,1.0,1.0
"(13, 32)",1.0,1.0,0.5777777777777777,1.0,0.5777777777777777,1.0,1.0,1.0
"(13, 33)",1.0,1.0,0.5777777777777777,1.0,0.5777777777777777,1.0,1.0,1.0
"(13, 34)",1.7307692307692308,1.7307692307692308,1.0,1.7307692307692308,1.0,1.7307692307692308,1.7307692307692308,1.7307692307692308
"(13, 35)",1.0,1.0,0.5777777777777777,1.0,0.5777777777777777,1.0,1.0,1.0
"(13, 36)",1.0,1.0,0.5777777777777777,1.0,0.5777777777777777,1.0,1.0,1.0
"(14, 14)",1.0,1.0,1.0,1.0,1.0,1.0,1.0,1.0
"(14, 15)",1.0,1.0,1.0,1.0,1.0,1.0,1.0,1.0
"(14, 16)",1.0,1.0,1.0,1.0,1.0,1.0,1.0,1.0
"(14, 17)",0.10590858416945373,0.10590858416945373,1.0,0.10590858416945373,1.0,0.10590858416945373,0.10590858416945373,0.10590858416945373
"(14, 18)",1.0,1.0,1.0,1.0,1.0,1.0,1.0,1.0
"(14, 19)",1.0,1.0,1.0,1.0,1.0,1.0,1.0,1.0
"(14, 20)",1.0,1.0,1.0,1.0,1.0,1.0,1.0,1.0
"(14, 21)",1.0,1.0,1.0,1.0,1.0,1.0,1.0,1.0
"(14, 22)",1.0,1.0,1.0,1.0,1.0,1.0,1.0,1.0
"(14, 23)",1.0,1.0,1.0,1.0,1.0,1.0,1.0,1.0
"(14, 24)",1.0,1.0,1.0,1.0,1.0,1.0,1.0,1.0
"(14, 25)",1.0,1.0,1.0,1.0,1.0,1.0,1.0,1.0
"(14, 26)",1.0,1.0,1.0,1.0,1.0,1.0,1.0,1.0
"(14, 27)",1.0,1.0,1.0,1.0,1.0,1.0,1.0,1.0
"(14, 28)",1.0,1.0,1.0,1.0,1.0,1.0,1.0,1.0
"(14, 29)",1.0,1.0,1.0,1.0,1.0,1.0,1.0,1.0
"(14, 30)",1.0,1.0,1.0,1.0,1.0,1.0,1.0,1.0
"(14, 31)",1.0,1.0,1.0,1.0,1.0,1.0,1.0,1.0
"(14, 32)",1.0,1.0,1.0,1.0,1.0,1.0,1.0,1.0
"(14, 33)",1.0,1.0,1.0,1.0,1.0,1.0,1.0,1.0
"(14, 34)",1.416083916083916,1.7307692307692308,1.0,1.416083916083916,1.0,1.7307692307692308,1.416083916083916,1.416083916083916
"(14, 35)",1.0,1.0,1.0,1.0,1.0,1.0,1.0,1.0
"(14, 36)",1.0,1.0,1.0,1.0,1.0,1.0,1.0,1.0
"(15, 15)",1.0,1.0,1.0,1.0,1.0,1.0,1.0,1.0
"(15, 16)",1.0,1.0,1.0,1.0,1.0,1.0,1.0,1.0
"(15, 17)",0.10590858416945373,0.10590858416945373,1.0,0.10590858416945373,1.0,0.10590858416945373,0.10590858416945373,0.10590858416945373
"(15, 18)",1.0,1.0,1.0,1.0,1.0,1.0,1.0,1.0
"(15, 19)",1.0,1.0,1.0,1.0,1.0,1.0,1.0,1.0
"(15, 20)",1.0,1.0,1.0,1.0,1.0,1.0,1.0,1.0
"(15, 21)",1.0,1.0,1.0,1.0,1.0,1.0,1.0,1.0
"(15, 22)",1.0,1.0,1.0,1.0,1.0,1.0,1.0,1.0
"(15, 23)",1.0,1.0,1.0,1.0,1.0,1.0,1.0,1.0
"(15, 24)",1.0,1.0,1.0,1.0,1.0,1.0,1.0,1.0
"(15, 25)",1.0,1.0,1.0,1.0,1.0,1.0,1.0,1.0
"(15, 26)",1.0,1.0,1.0,1.0,1.0,1.0,1.0,1.0
"(15, 27)",1.0,1.0,1.0,1.0,1.0,1.0,1.0,1.0
"(15, 28)",1.0,1.0,1.0,1.0,1.0,1.0,1.0,1.0
"(15, 29)",1.0,1.0,1.0,1.0,1.0,1.0,1.0,1.0
"(15, 30)",1.0,1.0,1.0,1.0,1.0,1.0,1.0,1.0
"(15, 31)",1.0,1.0,1.0,1.0,1.0,1.0,1.0,1.0
"(15, 32)",1.0,1.0,1.0,1.0,1.0,1.0,1.0,1.0
"(15, 33)",1.0,1.0,1.0,1.0,1.0,1.0,1.0,1.0
"(15, 34)",1.416083916083916,1.7307692307692308,1.0,1.416083916083916,1.0,1.7307692307692308,1.416083916083916,1.416083916083916
"(15, 35)",1.0,1.0,1.0,1.0,1.0,1.0,1.0,1.0
"(15, 36)",1.0,1.0,1.0,1.0,1.0,1.0,1.0,1.0
"(16, 16)",1.0,1.0,1.0,1.0,1.0,1.0,1.0,1.0
"(16, 17)",0.10590858416945373,0.10590858416945373,1.0,0.10590858416945373,1.0,0.10590858416945373,0.10590858416945373,0.10590858416945373
"(16, 18)",1.0,1.0,1.0,1.0,1.0,1.0,1.0,1.0
"(16, 19)",1.0,1.0,1.0,1.0,1.0,1.0,1.0,1.0
"(16, 20)",1.0,1.0,1.0,1.0,1.0,1.0,1.0,1.0
"(16, 21)",1.0,1.0,1.0,1.0,1.0,1.0,1.0,1.0
"(16, 22)",1.0,1.0,1.0,1.0,1.0,1.0,1.0,1.0
"(16, 23)",1.0,1.0,1.0,1.0,1.0,1.0,1.0,1.0
"(16, 24)",1.0,1.0,1.0,1.0,1.0,1.0,1.0,1.0
"(16, 25)",1.0,1.0,1.0,1.0,1.0,1.0,1.0,1.0
"(16, 26)",1.0,1.0,1.0,1.0,1.0,1.0,1.0,1.0
"(16, 27)",1.0,1.0,1.0,1.0,1.0,1.0,1.0,1.0
"(16, 28)",1.0,1.0,1.0,1.0,1.0,1.0,1.0,1.0
"(16, 29)",1.0,1.0,1.0,1.0,1.0,1.0,1.0,1.0
"(16, 30)",1.0,1.0,1.0,1.0,1.0,1.0,1.0,1.0
"(16, 31)",1.0,1.0,1.0,1.0,1.0,1.0,1.0,1.0
"(16, 32)",1.0,1.0,1.0,1.0,1.0,1.0,1.0,1.0
"(16, 33)",1.0,1.0,1.0,1.0,1.0,1.0,1.0,1.0
"(16, 34)",1.416083916083916,1.7307692307692308,1.0,1.416083916083916,1.0,1.7307692307692308,1.416083916083916,1.416083916083916
"(16, 35)",1.0,1.0,1.0,1.0,1.0,1.0,1.0,1.0
"(16, 36)",1.0,1.0,1.0,1.0,1.0,1.0,1.0,1.0
"(17, 17)",0.10590858416945373,0.10590858416945373,1.0,0.10590858416945373,1.0,0.10590858416945373,0.10590858416945373,0.10590858416945373
"(17, 18)",0.10590858416945373,0.10590858416945373,1.0,0.10590858416945373,1.0,0.10590858416945373,0.10590858416945373,0.10590858416945373
"(17, 19)",0.10590858416945373,0.10590858416945373,1.0,0.10590858416945373,1.0,0.10590858416945373,0.10590858416945373,0.10590858416945373
"(17, 20)",0.10590858416945373,0.10590858416945373,1.0,0.10590858416945373,1.0,0.10590858416945373,0.10590858416945373,0.10590858416945373
"(17, 21)",0.10590858416945373,0.10590858416945373,1.0,0.10590858416945373,1.0,0.10590858416945373,0.10590858416945373,0.10590858416945373
"(17, 22)",0.10590858416945373,0.10590858416945373,1.0,0.10590858416945373,1.0,0.10590858416945373,0.10590858416945373,0.10590858416945373
"(17, 23)",0.10590858416945373,0.10590858416945373,1.0,0.10590858416945373,1.0,0.10590858416945373,0.10590858416945373,0.10590858416945373
"(17, 24)",0.10590858416945373,0.10590858416945373,1.0,0.10590858416945373,1.0,0.10590858416945373,0.10590858416945373,0.10590858416945373
"(17, 25)",0.10590858416945373,0.10590858416945373,1.0,0.10590858416945373,1.0,0.10590858416945373,0.10590858416945373,0.10590858416945373
"(17, 26)",0.10590858416945373,0.10590858416945373,1.0,0.10590858416945373,1.0,0.10590858416945373,0.10590858416945373,0.10590858416945373
"(17, 27)",0.10590858416945373,0.10590858416945373,1.0,0.10590858416945373,1.0,0.10590858416945373,0.10590858416945373,0.10590858416945373
"(17, 28)",0.10590858416945373,0.10590858416945373,1.0,0.10590858416945373,1.0,0.10590858416945373,0.10590858416945373,0.10590858416945373
"(17, 29)",0.10590858416945373,0.10590858416945373,1.0,0.10590858416945373,1.0,0.10590858416945373,0.10590858416945373,0.10590858416945373
"(17, 30)",0.10590858416945373,0.10590858416945373,1.0,0.10590858416945373,1.0,0.10590858416945373,0.10590858416945373,0.10590858416945373
"(17, 31)",0.10590858416945373,0.10590858416945373,1.0,0.10590858416945373,1.0,0.10590858416945373,0.10590858416945373,0.10590858416945373
"(17, 32)",0.10590858416945373,0.10590858416945373,1.0,0.10590858416945373,1.0,0.10590858416945373,0.10590858416945373,0.10590858416945373
"(17, 33)",0.10590858416945373,0.10590858416945373,1.0,0.10590858416945373,1.0,0.10590858416945373,0.10590858416945373,0.10590858416945373
"(17, 34)",0.1779295470884256,1.7307692307692308,1.0,0.1779295470884256,1.0,1.7307692307692308,0.1779295470884256,0.1779295470884256
"(17, 35)",0.10590858416945373,0.10590858416945373,1.0,0.10590858416945373,1.0,0.10590858416945373,0.10590858416945373,0.10590858416945373
"(17, 36)",0.10590858416945373,0.10590858416945373,1.0,0.10590858416945373,1.0,0.10590858416945373,0.10590858416945373,0.10590858416945373
"(18, 18)",1.0,1.0,1.0,1.0,1.0,1.0,1.0,1.0
"(18, 19)",1.0,1.0,1.0,1.0,1.0,1.0,1.0,1.0
"(18, 20)",1.0,1.0,1.0,1.0,1.0,1.0,1.0,1.0
"(18, 21)",1.0,1.0,1.0,1.0,1.0,1.0,1.0,1.0
"(18, 22)",1.0,1.0,1.0,1.0,1.0,1.0,1.0,1.0
"(18, 23)",1.0,1.0,1.0,1.0,1.0,1.0,1.0,1.0
"(18, 24)",1.0,1.0,1.0,1.0,1.0,1.0,1.0,1.0
"(18, 25)",1.0,1.0,1.0,1.0,1.0,1.0,1.0,1.0
"(18, 26)",1.0,1.0,1.0,1.0,1.0,1.0,1.0,1.0
"(18, 27)",1.0,1.0,1.0,1.0,1.0,1.0,1.0,1.0
"(18, 28)",1.0,1.0,1.0,1.0,1.0,1.0,1.0,1.0
"(18, 29)",1.0,1.0,1.0,1.0,1.0,1.0,1.0,1.0
"(18, 30)",1.0,1.0,1.0,1.0,1.0,1.0,1.0,1.0
"(18, 31)",1.0,1.0,1.0,1.0,1.0,1.0,1.0,1.0
"(18, 32)",1.0,1.0,1.0,1.0,1.0,1.0,1.0,1.0
"(18, 33)",1.0,1.0,1.0,1.0,1.0,1.0,1.0,1.0
"(18, 34)",1.416083916083916,1.7307692307692308,1.0,1.416083916083916,1.0,1.7307692307692308,1.416083916083916,1.416083916083916
"(18, 35)",1.0,1.0,1.0,1.0,1.0,1.0,1.0,1.0
"(18, 36)",1.0,1.0,1.0,1.0,1.0,1.0,1.0,1.0
"(19, 19)",1.0,1.0,1.0,1.0,1.0,1.0,1.0,1.0
"(19, 20)",1.0,1.0,1.0,1.0,1.0,1.0,1.0,1.0
"(19, 21)",1.0,1.0,1.0,1.0,1.0,1.0,1.0,1.0
"(19, 22)",1.0,1.0,1.0,1.0,1.0,1.0,1.0,1.0
"(19, 23)",1.0,1.0,1.0,1.0,1.0,1.0,1.0,1.0
"(19, 24)",1.0,1.0,1.0,1.0,1.0,1.0,1.0,1.0
"(19, 25)",1.0,1.0,1.0,1.0,1.0,1.0,1.0,1.0
"(19, 26)",1.0,1.0,1.0,1.0,1.0,1.0,1.0,1.0
"(19, 27)",1.0,1.0,1.0,1.0,1.0,1.0,1.0,1.0
"(19, 28)",1.0,1.0,1.0,1.0,1.0,1.0,1.0,1.0
"(19, 29)",1.0,1.0,1.0,1.0,1.0,1.0,1.0,1.0
"(19, 30)",1.0,1.0,1.0,1.0,1.0,1.0,1.0,1.0
"(19, 31)",1.0,1.0,1.0,1.0,1.0,1.0,1.0,1.0
"(19, 32)",1.0,1.0,1.0,1.0,1.0,1.0,1.0,1.0
"(19, 33)",1.0,1.0,1.0,1.0,1.0,1.0,1.0,1.0
"(19, 34)",1.416083916083916,1.7307692307692308,1.0,1.416083916083916,1.0,1.7307692307692308,1.416083916083916,1.416083916083916
"(19, 35)",1.0,1.0,1.0,1.0,1.0,1.0,1.0,1.0
"(19, 36)",1.0,1.0,1.0,1.0,1.0,1.0,1.0,1.0
"(20, 20)",1.0,1.0,1.0,1.0,1.0,1.0,1.0,1.0
"(20, 21)",1.0,1.0,1.0,1.0,1.0,1.0,1.0,1.0
"(20, 22)",1.0,1.0,1.0,1.0,1.0,1.0,1.0,1.0
"(20, 23)",1.0,1.0,1.0,1.0,1.0,1.0,1.0,1.0
"(20, 24)",1.0,1.0,1.0,1.0,1.0,1.0,1.0,1.0
"(20, 25)",1.0,1.0,1.0,1.0,1.0,1.0,1.0,1.0
"(20, 26)",1.0,1.0,1.0,1.0,1.0,1.0,1.0,1.0
"(20, 27)",1.0,1.0,1.0,1.0,1.0,1.0,1.0,1.0
"(20, 28)",1.0,1.0,1.0,1.0,1.0,1.0,1.0,1.0
"(20, 29)",1.0,1.0,1.0,1.0,1.0,1.0,1.0,1.0
"(20, 30)",1.0,1.0,1.0,1.0,1.0,1.0,1.0,1.0
"(20, 31)",1.0,1.0,1.0,1.0,1.0,1.0,1.0,1.0
"(20, 32)",1.0,1.0,1.0,1.0,1.0,1.0,1.0,1.0
"(20, 33)",1.0,1.0,1.0,1.0,1.0,1.0,1.0,1.0
"(20, 34)",1.416083916083916,1.7307692307692308,1.0,1.416083916083916,1.0,1.7307692307692308,1.416083916083916,1.416083916083916
"(20, 35)",1.0,1.0,1.0,1.0,1.0,1.0,1.0,1.0
"(20, 36)",1.0,1.0,1.0,1.0,1.0,1.0,1.0,1.0
"(21, 21)",1.0,1.0,1.0,1.0,1.0,1.0,1.0,1.0
"(21, 22)",1.0,1.0,1.0,1.0,1.0,1.0,1.0,1.0
"(21, 23)",1.0,1.0,1.0,1.0,1.0,1.0,1.0,1.0
"(21, 24)",1.0,1.0,1.0,1.0,1.0,1.0,1.0,1.0
"(21, 25)",1.0,1.0,1.0,1.0,1.0,1.0,1.0,1.0
"(21, 26)",1.0,1.0,1.0,1.0,1.0,1.0,1.0,1.0
"(21, 27)",1.0,1.0,1.0,1.0,1.0,1.0,1.0,1.0
"(21, 28)",1.0,1.0,1.0,1.0,1.0,1.0,1.0,1.0
"(21, 29)",1.0,1.0,1.0,1.0,1.0,1.0,1.0,1.0
"(21, 30)",1.0,1.0,1.0,1.0,1.0,1.0,1.0,1.0
"(21, 31)",1.0,1.0,1.0,1.0,1.0,1.0,1.0,1.0
"(21, 32)",1.0,1.0,1.0,1.0,1.0,1.0,1.0,1.0
"(21, 33)",1.0,1.0,1.0,1.0,1.0,1.0,1.0,1.0
"(21, 34)",1.416083916083916,1.7307692307692308,1.0,1.416083916083916,1.0,1.7307692307692308,1.416083916083916,1.416083916083916
"(21, 35)",1.0,1.0,1.0,1.0,1.0,1.0,1.0,1.0
"(21, 36)",1.0,1.0,1.0,1.0,1.0,1.0,1.0,1.0
"(22, 22)",1.0,1.0,1.0,1.0,1.0,1.0,1.0,1.0
"(22, 23)",1.0,1.0,1.0,1.0,1.0,1.0,1.0,1.0
"(22, 24)",1.0,1.0,1.0,1.0,1.0,1.0,1.0,1.0
"(22, 25)",1.0,1.0,1.0,1.0,1.0,1.0,1.0,1.0
"(22, 26)",1.0,1.0,1.0,1.0,1.0,1.0,1.0,1.0
"(22, 27)",1.0,1.0,1.0,1.0,1.0,1.0,1.0,1.0
"(22, 28)",1.0,1.0,1.0,1.0,1.0,1.0,1.0,1.0
"(22, 29)",1.0,1.0,1.0,1.0,1.0,1.0,1.0,1.0
"(22, 30)",1.0,1.0,1.0,1.0,1.0,1.0,1.0,1.0
"(22, 31)",1.0,1.0,1.0,1.0,1.0,1.0,1.0,1.0
"(22, 32)",1.0,1.0,1.0,1.0,1.0,1.0,1.0,1.0
"(22, 33)",1.0,1.0,1.0,1.0,1.0,1.0,1.0,1.0
"(22, 34)",1.416083916083916,1.7307692307692308,1.0,1.416083916083916,1.0,1.7307692307692308,1.416083916083916,1.416083916083916
"(22, 35)",1.0,1.0,1.0,1.0,1.0,1.0,1.0,1.0
"(22, 36)",1.0,1.0,1.0,1.0,1.0,1.0,1.0,1.0
"(23, 23)",1.0,1.0,1.0,1.0,1.0,1.0,1.0,1.0
"(23, 24)",1.0,1.0,1.0,1.0,1.0,1.0,1.0,1.0
"(23, 25)",1.0,1.0,1.0,1.0,1.0,1.0,1.0,1.0
"(23, 26)",1.0,1.0,1.0,1.0,1.0,1.0,1.0,1.0
"(23, 27)",1.0,1.0,1.0,1.0,1.0,1.0,1.0,1.0
"(23, 28)",1.0,1.0,1.0,1.0,1.0,1.0,1.0,1.0
"(23, 29)",1.0,1.0,1.0,1.0,1.0,1.0,1.0,1.0
"(23, 30)",1.0,1.0,1.0,1.0,1.0,1.0,1.0,1.0
"(23, 31)",1.0,1.0,1.0,1.0,1.0,1.0,1.0,1.0
"(23, 32)",1.0,1.0,1.0,1.0,1.0,1.0,1.0,1.0
"(23, 33)",1.0,1.0,1.0,1.0,1.0,1.0,1.0,1.0
"(23, 34)",1.416083916083916,1.7307692307692308,1.0,1.416083916083916,1.0,1.7307692307692308,1.416083916083916,1.416083916083916
"(23, 35)",1.0,1.0,1.0,1.0,1.0,1.0,1.0,1.0
"(23, 36)",1.0,1.0,1.0,1.0,1.0,1.0,1.0,1.0
"(24, 24)",1.0,1.0,1.0,1.0,1.0,1.0,1.0,1.0
"(24, 25)",1.0,1.0,1.0,1.0,1.0,1.0,1.0,1.0
"(24, 26)",1.0,1.0,1.0,1.0,1.0,1.0,1.0,1.0
"(24, 27)",1.0,1.0,1.0,1.0,1.0,1.0,1.0,1.0
"(24, 28)",1.0,1.0,1.0,1.0,1.0,1.0,1.0,1.0
"(24, 29)",1.0,1.0,1.0,1.0,1.0,1.0,1.0,1.0
"(24, 30)",1.0,1.0,1.0,1.0,1.0,1.0,1.0,1.0
"(24, 31)",1.0,1.0,1.0,1.0,1.0,1.0,1.0,1.0
"(24, 32)",1.0,1.0,1.0,1.0,1.0,1.0,1.0,1.0
"(24, 33)",1.0,1.0,1.0,1.0,1.0,1.0,1.0,1.0
"(24, 34)",1.416083916083916,1.7307692307692308,1.0,1.416083916083916,1.0,1.7307692307692308,1.416083916083916,1.416083916083916
"(24, 35)",1.0,1.0,1.0,1.0,1.0,1.0,1.0,1.0
"(24, 36)",1.0,1.0,1.0,1.0,1.0,1.0,1.0,1.0
"(25, 25)",1.0,1.0,1.0,1.0,1.0,1.0,1.0,1.0
"(25, 26)",1.0,1.0,1.0,1.0,1.0,1.0,1.0,1.0
"(25, 27)",1.0,1.0,1.0,1.0,1.0,1.0,1.0,1.0
"(25, 28)",1.0,1.0,1.0,1.0,1.0,1.0,1.0,1.0
"(25, 29)",1.0,1.0,1.0,1.0,1.0,1.0,1.0,1.0
"(25, 30)",1.0,1.0,1.0,1.0,1.0,1.0,1.0,1.0
"(25, 31)",1.0,1.0,1.0,1.0,1.0,1.0,1.0,1.0
"(25, 32)",1.0,1.0,1.0,1.0,1.0,1.0,1.0,1.0
"(25, 33)",1.0,1.0,1.0,1.0,1.0,1.0,1.0,1.0
"(25, 34)",1.416083916083916,1.7307692307692308,1.0,1.416083916083916,1.0,1.7307692307692308,1.416083916083916,1.416083916083916
"(25, 35)",1.0,1.0,1.0,1.0,1.0,1.0,1.0,1.0
"(25, 36)",1.0,1.0,1.0,1.0,1.0,1.0,1.0,1.0
"(26, 26)",1.0,1.0,1.0,1.0,1.0,1.0,1.0,1.0
"(26, 27)",1.0,1.0,1.0,1.0,1.0,1.0,1.0,1.0
"(26, 28)",1.0,1.0,1.0,1.0,1.0,1.0,1.0,1.0
"(26, 29)",1.0,1.0,1.0,1.0,1.0,1.0,1.0,1.0
"(26, 30)",1.0,1.0,1.0,1.0,1.0,1.0,1.0,1.0
"(26, 31)",1.0,1.0,1.0,1.0,1.0,1.0,1.0,1.0
"(26, 32)",1.0,1.0,1.0,1.0,1.0,1.0,1.0,1.0
"(26, 33)",1.0,1.0,1.0,1.0,1.0,1.0,1.0,1.0
"(26, 34)",1.416083916083916,1.7307692307692308,1.0,1.416083916083916,1.0,1.7307692307692308,1.416083916083916,1.416083916083916
"(26, 35)",1.0,1.0,1.0,1.0,1.0,1.0,1.0,1.0
"(26, 36)",1.0,1.0,1.0,1.0,1.0,1.0,1.0,1.0
"(27, 27)",1.0,1.0,1.0,1.0,1.0,1.0,1.0,1.0
"(27, 28)",1.0,1.0,1.0,1.0,1.0,1.0,1.0,1.0
"(27, 29)",1.0,1.0,1.0,1.0,1.0,1.0,1.0,1.0
"(27, 30)",1.0,1.0,1.0,1.0,1.0,1.0,1.0,1.0
"(27, 31)",1.0,1.0,1.0,1.0,1.0,1.0,1.0,1.0
"(27, 32)",1.0,1.0,1.0,1.0,1.0,1.0,1.0,1.0
"(27, 33)",1.0,1.0,1.0,1.0,1.0,1.0,1.0,1.0
"(27, 34)",1.416083916083916,1.7307692307692308,1.0,1.416083916083916,1.0,1.7307692307692308,1.416083916083916,1.416083916083916
"(27, 35)",1.0,1.0,1.0,1.0,1.0,1.0,1.0,1.0
"(27, 36)",1.0,1.0,1.0,1.0,1.0,1.0,1.0,1.0
"(28, 28)",1.0,1.0,1.0,1.0,1.0,1.0,1.0,1.0
"(28, 29)",1.0,1.0,1.0,1.0,1.0,1.0,1.0,1.0
"(28, 30)",1.0,1.0,1.0,1.0,1.0,1.0,1.0,1.0
"(28, 31)",1.0,1.0,1.0,1.0,1.0,1.0,1.0,1.0
"(28, 32)",1.0,1.0,1.0,1.0,1.0,1.0,1.0,1.0
"(28, 33)",1.0,1.0,1.0,1.0,1.0,1.0,1.0,1.0
"(28, 34)",1.416083916083916,1.7307692307692308,1.0,1.416083916083916,1.0,1.7307692307692308,1.416083916083916,1.416083916083916
"(28, 35)",1.0,1.0,1.0,1.0,1.0,1.0,1.0,1.0
"(28, 36)",1.0,1.0,1.0,1.0,1.0,1.0,1.0,1.0
"(29, 29)",1.0,1.0,1.0,1.0,1.0,1.0,1.0,1.0
"(29, 30)",1.0,1.0,1.0,1.0,1.0,1.0,1.0,1.0
"(29, 31)",1.0,1.0,1.0,1.0,1.0,1.0,1.0,1.0
"(29, 32)",1.0,1.0,1.0,1.0,1.0,1.0,1.0,1.0
"(29, 33)",1.0,1.0,1.0,1.0,1.0,1.0,1.0,1.0
"(29, 34)",1.416083916083916,1.7307692307692308,1.0,1.416083916083916,1.0,1.7307692307692308,1.416083916083916,1.416083916083916
"(29, 35)",1.0,1.0,1.0,1.0,1.0,1.0,1.0,1.0
"(29, 36)",1.0,1.0,1.0,1.0,1.0,1.0,1.0,1.0
"(30, 30)",1.0,1.0,1.0,1.0,1.0,1.0,1.0,1.0
"(30, 31)",1.0,1.0,1.0,1.0,1.0,1.0,1.0,1.0
"(30, 32)",1.0,1.0,1.0,1.0,1.0,1.0,1.0,1.0
"(30, 33)",1.0,1.0,1.0,1.0,1.0,1.0,1.0,1.0
"(30, 34)",1.416083916083916,1.7307692307692308,1.0,1.416083916083916,1.0,1.7307692307692308,1.416083916083916,1.416083916083916
"(30, 35)",1.0,1.0,1.0,1.0,1.0,1.0,1.0,1.0
"(30, 36)",1.0,1.0,1.0,1.0,1.0,1.0,1.0,1.0
"(31, 31)",1.0,1.0,1.0,1.0,1.0,1.0,1.0,1.0
"(31, 32)",1.0,1.0,1.0,1.0,1.0,1.0,1.0,1.0
"(31, 33)",1.0,1.0,1.0,1.0,1.0,1.0,1.0,1.0
"(31, 34)",1.416083916083916,1.7307692307692308,1.0,1.416083916083916,1.0,1.7307692307692308,1.416083916083916,1.416083916083916
"(31, 35)",1.0,1.0,1.0,1.0,1.0,1.0,1.0,1.0
"(31, 36)",1.0,1.0,1.0,1.0,1.0,1.0,1.0,1.0
"(32, 32)",1.0,1.0,1.0,1.0,1.0,1.0,1.0,1.0
"(32, 33)",1.0,1.0,1.0,1.0,1.0,1.0,1.0,1.0
"(32, 34)",1.416083916083916,1.7307692307692308,1.0,1.416083916083916,1.0,1.7307692307692308,1.416083916083916,1.416083916083916
"(32, 35)",1.0,1.0,1.0,1.0,1.0,1.0,1.0,1.0
"(32, 36)",1.0,1.0,1.0,1.0,1.0,1.0,1.0,1.0
"(33, 33)",1.0,1.0,1.0,1.0,1.0,1.0,1.0,1.0
"(33, 34)",1.416083916083916,1.7307692307692308,1.0,1.416083916083916,1.0,1.7307692307692308,1.416083916083916,1.416083916083916
"(33, 35)",1.0,1.0,1.0,1.0,1.0,1.0,1.0,1.0
"(33, 36)",1.0,1.0,1.0,1.0,1.0,1.0,1.0,1.0
"(34, 34)",1.416083916083916,1.7307692307692308,1.0,1.416083916083916,1.0,1.7307692307692308,1.416083916083916,1.416083916083916
"(34, 35)",1.416083916083916,1.7307692307692308,1.0,1.416083916083916,1.0,1.7307692307692308,1.416083916083916,1.416083916083916
"(34, 36)",1.416083916083916,1.7307692307692308,1.0,1.416083916083916,1.0,1.7307692307692308,1.416083916083916,1.416083916083916
"(35, 35)",1.0,1.0,1.0,1.0,1.0,1.0,1.0,1.0
"(35, 36)",1.0,1.0,1.0,1.0,1.0,1.0,1.0,1.0
"(36, 36)",1.0,1.0,1.0,1.0,1.0,1.0,1.0,1.0
